### Order
1. Find all subjects sorted by subject

booktown=# SELECT * FROM subjects;
 id |     subject      |     location
----+------------------+------------------
  0 | Arts             | Creativity St
  1 | Business         | Productivity Ave
  2 | Children's Books | Kids Ct
  3 | Classics         | Academic Rd
  4 | Computers        | Productivity Ave
  5 | Cooking          | Creativity St
  6 | Drama            | Main St
  7 | Entertainment    | Main St
  8 | History          | Academic Rd
  9 | Horror           | Black Raven Dr
 10 | Mystery          | Black Raven Dr
 11 | Poetry           | Sunset Dr
 12 | Religion         |
 13 | Romance          | Main St
 14 | Science          | Productivity Ave
 15 | Science Fiction  | Main St


2. Find all subjects sorted by location

booktown=# SELECT * FROM subjects ORDER BY location;
 id |     subject      |     location
----+------------------+------------------
  8 | History          | Academic Rd
  3 | Classics         | Academic Rd
 10 | Mystery          | Black Raven Dr
  9 | Horror           | Black Raven Dr
  0 | Arts             | Creativity St
  5 | Cooking          | Creativity St
  2 | Children's Books | Kids Ct
  7 | Entertainment    | Main St
  6 | Drama            | Main St
 13 | Romance          | Main St
 15 | Science Fiction  | Main St
 14 | Science          | Productivity Ave
  4 | Computers        | Productivity Ave
  1 | Business         | Productivity Ave
 11 | Poetry           | Sunset Dr
 12 | Religion         |


### Where
3. Find the book "Little Women"

booktown=# SELECT * FROM books WHERE title = 'Little Women';
 id  |    title     | author_id | subject_id
-----+--------------+-----------+------------
 190 | Little Women |        16 |          6
(1 row)

4. Find all books containing the word "Python"

booktown=# SELECT * FROM books WHERE title LIKE '%Python';
  id   |       title        | author_id | subject_id
-------+--------------------+-----------+------------
 41473 | Programming Python |      7805 |          4
 41477 | Learning Python    |      7805 |          4
(2 rows)

5. Find all subjects with the location "Main St" sort them by subject

booktown=# SELECT * FROM subjects WHERE location = 'Main St' ORDER BY subject;
 id |     subject     | location
----+-----------------+----------
  6 | Drama           | Main St
  7 | Entertainment   | Main St
 13 | Romance         | Main St
 15 | Science Fiction | Main St
(4 rows)

### Joins

6. Find all books about Computers and list ONLY the book titles

booktown=# SELECT title FROM books
booktown-# JOIN subjects ON subject_id = subjects.id
booktown-# WHERE subject = 'Computers';
        title
----------------------
 Practical PostgreSQL
 Perl Cookbook
 Learning Python
 Programming Python
(4 rows)


SELECT 
7. Find all books and display a result table with ONLY the following columns
	* Book title
	* Author's first name
	* Author's last name
	* Book subject

booktown=# SELECT books.title, authors.first_name, authors.last_name, subjects.subject FROM books LEFT JOIN authors ON authors.id = books.author_id LEFT JOIN subjects ON subjects.id = books.subject_id
booktown-# ;

            title            |    first_name    |  last_name   |     subject
-----------------------------+------------------+--------------+------------------
 Practical PostgreSQL        | John             | Worsley      | Computers
 Franklin in the Dark        | Paulette         | Bourgeois    | Children's Books
 The Velveteen Rabbit        | Margery Williams | Bianco       | Classics
 Little Women                | Louisa May       | Alcott       | Drama
 The Shining                 | Stephen          | King         | Horror
 Dune                        | Frank            | Herbert      | Science Fiction
 Dynamic Anatomy             | Burne            | Hogarth      | Arts
 Goodnight Moon              | Margaret Wise    | Brown        | Children's Books
 The Tell-Tale Heart         | Edgar Allen      | Poe          | Horror
 Programming Python          | Mark             | Lutz         | Computers
 Learning Python             | Mark             | Lutz         | Computers
 Perl Cookbook               | Tom              | Christiansen | Computers
 2001: A Space Odyssey       | Arthur C.        | Clarke       | Science Fiction
 The Cat in the Hat          | Theodor Seuss    | Geisel       | Children's Books
 Bartholomew and the Oobleck | Theodor Seuss    | Geisel       | Children's Books
 The Cat in the Hat          | Theodor Seuss    | Geisel       | Children's Books
 Bartholomew and the Oobleck | Theodor Seuss    | Geisel       | Children's Books
(17 rows)


8. Find all books that are listed in the stock table
	* Sort them by retail price (most expensive first)
	* Display ONLY: title and price

booktown=# SELECT books.title, stock.cost FROM stock JOIN editions ON editions.isbn = stock.isbn JOIN books on books.id = editions.book_id ORDER BY cost DESC;

            title            | cost
-----------------------------+-------
 2001: A Space Odyssey       | 36.00
 Dune                        | 36.00
 The Cat in the Hat          | 30.00
 The Shining                 | 29.00
 Dynamic Anatomy             | 26.00
 Goodnight Moon              | 25.00
 The Shining                 | 24.00
 The Cat in the Hat          | 23.00
 Franklin in the Dark        | 23.00
 The Tell-Tale Heart         | 23.00
 The Velveteen Rabbit        | 20.00
 The Tell-Tale Heart         | 19.00
 Little Women                | 18.00
 2001: A Space Odyssey       | 17.00
 Dune                        | 17.00
 Bartholomew and the Oobleck | 16.00
(16 rows)

9. Find the book "Dune" and display ONLY the following columns
	* Book title
	* ISBN number
	* Publisher name
	* Retail price

booktown=# SELECT books.title, editions.isbn, publishers.name, stock.retail FROM books INNER JOIN editions ON books.id = editions.book_id JOIN publishers ON editions.publisher_id = publishers.id JOIN stock ON editions.isbn = stock.isbn WHERE books.title = 'Dune';
 title |    isbn    |   name    | retail
-------+------------+-----------+--------
 Dune  | 0441172717 | Ace Books |  21.95
 Dune  | 044100590X | Ace Books |  45.95
(2 rows)


10. Find all shipments sorted by ship date display a result table with ONLY the following columns:
	* Customer first name
	* Customer last name
	* ship date
	* book title

booktown=# SELECT c.first_name, c.last_name, ship.ship_date, b.title FROM shipments ship LEFT JOIN customers c ON c.id = ship.customer_id LEFT JOIN editions e ON e.isbn = ship.isbn LEFT JOIN books b ON b.id = e.book_id ORDER BY ship.ship_date DESC;

first_name | last_name |       ship_date        |            title
------------+-----------+------------------------+-----------------------------
 Annie      | Jackson   | 2001-09-22 21:58:56-06 | Bartholomew and the Oobleck
 Annie      | Jackson   | 2001-09-22 12:23:28-06 | Bartholomew and the Oobleck
 Annie      | Jackson   | 2001-09-14 18:42:22-06 | The Cat in the Hat
 Jenny      | King      | 2001-09-14 17:46:32-06 | The Cat in the Hat
 Shirley    | Gould     | 2001-08-15 15:02:01-06 | 2001: A Space Odyssey
 James      | Clark     | 2001-08-15 12:57:40-06 | Goodnight Moon
 Tammy      | Robinson  | 2001-08-14 14:49:00-06 | Franklin in the Dark
 Jenny      | King      | 2001-08-14 14:45:51-06 | The Shining
 Adam       | Holloway  | 2001-08-14 14:41:39-06 | The Tell-Tale Heart
 Chuck      | Brown     | 2001-08-14 11:36:41-06 | The Shining
 Trevor     | Young     | 2001-08-14 09:42:58-06 | Dune
 Tim        | Owens     | 2001-08-14 08:33:47-06 | Dynamic Anatomy
 Kathy      | Corner    | 2001-08-13 10:47:04-06 | The Cat in the Hat
 Julie      | Bollman   | 2001-08-13 10:42:10-06 | The Cat in the Hat
 Owen       | Becker    | 2001-08-12 14:39:22-06 | The Shining
 Jean       | Owens     | 2001-08-12 13:09:47-06 | Franklin in the Dark
 Kate       | Gerdes    | 2001-08-12 09:46:35-06 | Dune
 James      | Williams  | 2001-08-11 14:34:08-06 | The Cat in the Hat
 Richard    | Brown     | 2001-08-11 11:52:34-06 | Goodnight Moon
 Annie      | Jackson   | 2001-08-11 10:55:05-06 | Bartholomew and the Oobleck
 Eric       | Morrill   | 2001-08-10 14:47:52-06 | The Cat in the Hat
 Jean       | Black     | 2001-08-10 09:29:42-06 | The Tell-Tale Heart

### Grouping and Counting

11. Get the COUNT of all books

SELECT COUNT(*) FROM books;
 count
-------
    15
(1 row)


12. Get the COUNT of all Locations
booktown=# SELECT COUNT(location) FROM subjects;
 count
-------
    15
(1 row)

13. Get the COUNT of each unique location in the subjects table. Display the count and the location name. (hint: requires GROUP BY).

booktown=# SELECT COUNT(location), location FROM subjects GROUP BY location;
 count |     location
-------+------------------
     0 |
     1 | Sunset Dr
     1 | Kids Ct
     2 | Black Raven Dr
     2 | Creativity St
     2 | Academic Rd
     4 | Main St
     3 | Productivity Ave
(8 rows)

14. List all books. Display the book_id, title, and a count of how many editions each book has. (hint: requires GROUP BY and JOIN)

booktown=# SELECT books.id, books.title, COUNT(editions.book_id) FROM books JOIN editions ON books.id = editions.book_id GROUP BY books.id;
  id   |            title            | count
-------+-----------------------------+-------
  2038 | Dynamic Anatomy             |     1
 25908 | Franklin in the Dark        |     1
  7808 | The Shining                 |     2
  4267 | 2001: A Space Odyssey       |     2
 41473 | Programming Python          |     1
  1234 | The Velveteen Rabbit        |     1
  4513 | Dune                        |     2
  1608 | The Cat in the Hat          |     2
   190 | Little Women                |     1
  1501 | Goodnight Moon              |     1
   156 | The Tell-Tale Heart         |     2
  1590 | Bartholomew and the Oobleck |     1
(12 rows)
